ID,prefix,type,cpu_time
b0102b689,site/,JAVA,44863
6760f0e80,src/test,JAVA,806
25a504ec4,src/main,JAVA,576
ae98b7b23,tools/,JAVA,1807
223d59c1b,src/main,JAVA,2440
e3fe9871a,src/main,JAVA,7844
2231c56d7,src/main,JAVA,10158
b1e9a6327,tools/,JAVA,12167
ed45af2fe,tools/,JAVA,1459
ce6d26526,tools/,JAVA,1629
6c040854d,tools/,JAVA,7754
5a170ff21,tools/,JAVA,23810
0fe917f36,tools/,JAVA,5638
782904f1f,site/,C/C++,4021
380c289e1,tools/,JAVA,637
7f7a2da3b,site/,JAVA,13278
683067231,tools/,JAVA,758
535847b7e,src/main,JAVA,2980
381a27451,src/main,JAVA,10570
4b7366f40,tools/,JAVA,2717
6c4b492c4,site/,JAVA,10802
1b73bfdb5,site/,C/C++,638
9a4e6cf2e,tools/,python,599
25cefcf6b,src/main,JAVA,1829
b41ebc210,src/main,JAVA,7263
36b2717f3,tools/,JAVA,1538
df302e279,src/main,JAVA,1555
64c731275,tools/,JAVA,1731
bf58436a8,tools/,JAVA,1342
692c16751,src/main,JAVA,2224
1a71308ec,src/main,JAVA,1720
514604b35,src/main,JAVA,5223
103662238,tools/,JAVA,3321
1d1bee9d9,tools/,JAVA,1683
4cc0b9234,tools/,JAVA,3854
ea1ffcc89,src/main,JAVA,6209
87e94d873,src/main,JAVA,9824
430dc04ec,tools/,JAVA,4148
96de7e95b,src/main,JAVA,18998
621b1b186,src/main,JAVA,2875
21d9d46cb,tools/,JAVA,12219
74ae11562,tools/,JAVA,3497
63383aa4f,src/main,JAVA,3811
059ebd647,src/test,Starlark,5221
2352dcc6b,src/test,Starlark,677
7120b85bd,src/main,JAVA,688
d54234df2,src/main,JAVA,651
223ae4371,tools/,JAVA,2287
a3e194ff5,src/test,JAVA,690
78a72c844,src/main,JAVA,1354
f9ee688a6,tools/,JAVA,1465
c2741d8ff,tools/,JAVA,1655
7c3025bc7,src/main,JAVA,2086
ee1f85d0e,tools/,JAVA,684
a1d428e33,src/main,Starlark,2534
68d88935b,src/main,JAVA,13575
0f7b2f408,src/main,JAVA,2474
5702215f3,src/tools,C/C++,1727
2a07ed33a,src/main,JAVA,710
816344d3a,tools/,JAVA,4265
fbd12d44e,src/test,JAVA,596
bfd12b3e4,src/test,JAVA,584
4aeea7793,src/test,JAVA,596
bca0ed08f,src/main,JAVA,716
8926457ca,tools/,JAVA,3771
63dd0ce6e,tools/,JAVA,1614
6f87f10ba,src/main,Starlark,1636
7b3f54ee5,tools/,Starlark,12398
143c72476,site/,C/C++,1200
a3fc394a8,src/main,JAVA,2248
14a2453e9,src/main,JAVA,20446
32ba90564,src/main,JAVA,1532
5f4953c3b,site/,JAVA,8512
68a7d01c7,tools/,JAVA,816
e708927b8,src/main,JAVA,7163
ac1e6c4ba,src/main,JAVA,7715
3ecd4eacb,site/,C/C++,4513
416d3fd36,src/main,JAVA,660
cf59697f1,src/test,Starlark,6474
8b9e63bb9,src/main,JAVA,630
7ade6f3d1,src/main,JAVA,1172
8f4a8f08a,src/test,JAVA,2650
8073f2488,src/tools,C/C++,609
ad5aeddb2,tools/,JAVA,587
157ad590b,src/main,JAVA,15676
739bc8650,src/main,JAVA,1641
d322a05e6,tools/,JAVA,1689
7b3efbd13,site/,JAVA,3968
bb01d9dec,src/main,JAVA,593
f2e760261,tools/,JAVA,2309
5c9b6f665,src/main,JAVA,1331
d831173d9,tools/,JAVA,1990
e53991f2e,tools/,JAVA,1464
362fc9370,tools/,JAVA,2071
05b419f95,tools/,JAVA,16088
d89740e2b,tools/,JAVA,2016
951753097,site/,JAVA,10945
80ef6eba0,site/,C/C++,657
320a7fe76,site/,JAVA,636
d51dd3119,site/,JAVA,688
ae9906bde,tools/,JAVA,743
8a6db03d2,src/test,JAVA,7295
0c6eab258,src/main,C/C++,598
6d69aeffe,site/,JAVA,4878
fd3d2b096,src/main,JAVA,627
8eee8b4b4,tools/,python,2493
c59a401d5,site/,JAVA,1326
b19d4484e,site/,JAVA,746
256e73ad5,tools/,JAVA,570
acfee45e8,src/tools,C/C++,7537
08f0cbb24,src/test,JAVA,668
ba48ad869,tools/,JAVA,566
f5c575596,tools/,JAVA,1719
c94022adb,src/main,JAVA,3323
51bcbd439,tools/,JAVA,1983
bf5a455ba,tools/,JAVA,5014
e2b3ca544,bazelci/,Starlark,1375
d93e47107,bazelci/,Starlark,1707
fc387ae3f,site/,JAVA,589
3ae61cbb2,tools/,Starlark,629
c51322323,tools/,Starlark,14278
bef502e02,tools/,JAVA,770
d33d7b2de,tools/,JAVA,1496
136440c44,site/,JAVA,15278
840a68cd2,src/main,JAVA,651
9f9eedc31,tools/,JAVA,1612
60e8a5925,tools/,JAVA,2703
2670976a2,tools/,JAVA,3882
e4daea99c,src/test,JAVA,8791
e7f28772a,site/,JAVA,672
07c665904,scripts/,Starlark,577
92e007b08,src/main,JAVA,610
9c9bd3d20,src/main,JAVA,2015
15e1b16a8,tools/,JAVA,821
743e575c2,src/main,JAVA,1324
d90293440,src/test,JAVA,1437
5c832a16e,tools/,JAVA,596
fa47192c9,tools/,JAVA,7977
b8a7b5c90,scripts/,Starlark,13870
48841231b,src/main,JAVA,777
2a67079d9,src/test,Starlark,3490
0b1366bde,src/test,Starlark,723
0264e274b,src/test,Starlark,665
a8f8e5be5,src/test,Starlark,609
863dbf2d2,tools/,JAVA,635
5223e14ea,src/main,JAVA,10212
4403b5b3e,src/main,JAVA,2579
d7bba4d07,src/test,Starlark,1732
c1ad71777,src/main,JAVA,981
82b011d86,src/main,JAVA,1992
615db6646,src/main,JAVA,1825
6ca3d46da,site/,JAVA,1855
ccff1c376,src/main,JAVA,612
a43e0cb97,src/main,JAVA,7658
14f3c8170,site/,JAVA,12439
9837b75c7,src/main,JAVA,860
64074ee7f,src/main,JAVA,1714
52abeeb75,tools/,JAVA,1619
8ab3cff77,src/main,JAVA,1496
b02822c2b,src/main,JAVA,3303
ebcfea234,src/main,JAVA,2520
a0285c3b6,src/main,JAVA,4125
07aeaab74,tools/,JAVA,1534
b17c1ea7d,src/main,JAVA,3535
ace6dbfcb,tools/,Starlark,3455
81a519dfc,tools/,JAVA,1589
ae47226f2,tools/,JAVA,2197
750a56f8f,tools/,JAVA,3251
4632e522e,src/test,Starlark,1849
8a95ca927,tools/,JAVA,613
0d4b01a8b,src/main,JAVA,1683
6f2336dd6,site/,JAVA,1748
28bd8c87d,site/,JAVA,612
24d02f2f8,src/main,JAVA,645
65335531b,tools/,JAVA,2529
71e6efc34,src/main,JAVA,1593
b6f6a62b2,site/,JAVA,3294
9e6978809,tools/,JAVA,619
e790a0af8,src/main,JAVA,1454
2ed2fd5ca,src/test,Starlark,1477
37a9ab6cf,src/main,JAVA,13583
20dd5f1ee,tools/,JAVA,4587
b37ecb70a,tools/,JAVA,1744
595a326da,src/test,JAVA,2486
902691d8c,tools/,JAVA,589
53848148f,site/,JAVA,18454
94d79282a,src/main,JAVA,1119
459197cfa,tools/,JAVA,13159
564a01b4f,bazelci/,JAVA,14851
7c548870f,src/main,JAVA,9738
3b9aef00b,site/,C/C++,2389
e35b9732c,src/test,JAVA,580
bd66a7564,src/test,Starlark,861
c972a1ca3,tools/,JAVA,670
295e598b9,src/test,Starlark,9757
eb6cc078a,third_party/,Starlark,609
894a8544d,src/test,Starlark,1128
c29bc895d,tools/,JAVA,622
a118ae4b5,src/main,JAVA,19431
d330c094f,src/main,JAVA,2212
ba630deb5,src/main,JAVA,1432
b07ec1e15,src/main,JAVA,3496
a166cab5b,src/main,JAVA,1836
4b5e02333,tools/,JAVA,18170
fe2a31bae,tools/,JAVA,1506
4ab8d0f3b,tools/,JAVA,2337
74c3f4dd9,src/main,JAVA,2959
d060fc5b5,src/main,JAVA,1593
8c00ceb35,src/main,JAVA,1452
96c5b0413,src/main,JAVA,7908
5cd08ae2a,tools/,JAVA,3503
571417a35,src/main,JAVA,15908
61ebbee85,src/main,JAVA,4853
0b0714d48,tools/,JAVA,1534
23e0a1bc7,src/main,JAVA,601
db8230be9,tools/,JAVA,6341
46b29cb96,src/test,JAVA,1754
b399aa0b0,site/,JAVA,655
21c6c9acc,src/main,JAVA,593
a5bae936f,src/main,JAVA,1504
48792062f,tools/,JAVA,2512
21611d2a4,tools/,JAVA,13621
d0c368acc,tools/,JAVA,1692
439a52cd6,tools/,JAVA,795
9cb1c13f4,third_party/,C/C++,4414
b7c1a2ec8,tools/,Starlark,1077
7aebaa971,src/main,JAVA,2094
0dec28080,third_party/,C/C++,2603
a47b27b01,src/test,JAVA,4547
3055b2921,tools/,JAVA,2278
ba3c22475,site/,JAVA,2747
5fe20491c,src/main,JAVA,627
7b6622919,tools/,JAVA,16181
5ba039a52,src/main,JAVA,15485
bac27ec5a,src/main,JAVA,2265
41d418f74,tools/,JAVA,3061
3f20f00d4,src/test,JAVA,15253
ddeb76f6c,src/main,JAVA,662
120d4febc,src/main,JAVA,8375
51a88fdc4,tools/,JAVA,12477
f9f89cf1f,src/main,JAVA,1743
d3aa77a84,src/main,JAVA,2443
ebf8c1839,src/test,JAVA,14668
f61603788,tools/,JAVA,630
fa139a8c9,src/main,JAVA,4045
6e1074b09,src/main,JAVA,8067
27c16e0e4,src/main,JAVA,1508
9519f92f8,src/main,JAVA,7239
1483e8c96,tools/,JAVA,3995
177d88d4c,tools/,JAVA,1346
35aedf954,tools/,JAVA,629
8effbecba,src/main,JAVA,9598
60509310d,src/main,JAVA,15154
606af1e95,src/main,JAVA,835
ae687cfd1,site/,JAVA,1398
3da9aa80f,tools/,JAVA,583
c85cb71ce,third_party/,Starlark,1391
77f347141,site/,JAVA,37481
899b776d3,src/main,JAVA,855
9dfe29530,src/main,JAVA,1644
1d1df0287,bazelci/,Starlark,3803
b1da7beb3,src/main,JAVA,10756
4cd10551f,src/test,JAVA,1994
6a849808d,src/main,JAVA,700
9ec4bf862,tools/,JAVA,671
88a2376d9,src/main,C/C++,1383
356e0eb33,src/main,JAVA,1220
0996f6428,tools/,JAVA,852
d410e27d8,src/main,JAVA,1519
9079b38e7,bazelci/,Starlark,1477
414d6f213,src/main,JAVA,7822
6116ce73f,tools/,Starlark,2480
793e5a8c7,tools/,JAVA,1337
9cd1fccbe,src/main,JAVA,1422
b27113f8f,src/main,JAVA,1862
36fc38805,src/test,JAVA,16722
6e5efd0a6,tools/,JAVA,669
6a29d3e33,src/main,JAVA,5481
4f35d4b24,tools/,JAVA,2632
2c0597dea,tools/,JAVA,1415
6224316f1,src/main,JAVA,14965
91a48853a,src/test,JAVA,1558
ae2183b6d,src/test,JAVA,665
07fc46bb0,src/main,JAVA,668
dd2ecc949,site/,C/C++,1414
ad09f7599,src/main,JAVA,591
987ae2932,tools/,JAVA,7483
78ffb5fb2,tools/,JAVA,1794
bc9bf40b6,site/,C/C++,1493
790c172fb,tools/,JAVA,991
b2f14fd92,tools/,JAVA,13574
c9fc61448,tools/,JAVA,6280
1ffe375bc,site/,C/C++,16997
3bfbeef5d,site/,JAVA,631
d165104eb,src/main,JAVA,564
abec01ae6,src/main,JAVA,2278
679d56c89,tools/,JAVA,7603
8c58bb83d,src/test,python,4210
a48022a8f,src/main,JAVA,4552
9fb650d2a,tools/,JAVA,1516
192eb505e,tools/,JAVA,16928
b55e4043a,src/main,JAVA,2229
8936aecb9,tools/,JAVA,1950
7edc57806,tools/,C/C++,3769
299cd7e17,tools/,C/C++,1404
51fabdd82,src/test,JAVA,1368
7308f85e5,src/test,JAVA,571
970e0fdef,src/test,JAVA,577
9cfb0bd75,bazelci/,JAVA,639
d90eeb4ab,src/test,JAVA,7416
b96dcd5a4,tools/,JAVA,737
74ddafe29,src/test,JAVA,7848
1e100c633,src/main,JAVA,697
045c2845f,src/test,JAVA,15556
a6c459b7e,src/main,JAVA,1104
c204f6cfe,site/,JAVA,16664
7310d5e1f,src/main,JAVA,634
7e49fb2a9,src/test,JAVA,8116
05cc1b38d,src/main,JAVA,566
5aec114d5,src/main,JAVA,1577
6bd3e8c0c,src/main,JAVA,3154
e3a8a021f,site/,JAVA,3024
6f1066dee,src/test,JAVA,612
c771191c5,site/,C/C++,1910
a3ddce76a,tools/,JAVA,579
a165dc012,src/main,JAVA,1290
461f4466f,src/main,JAVA,1489
b32a0d80d,src/main,JAVA,1431
e81f3281d,src/test,JAVA,1820
c29dc552d,src/main,JAVA,630
5cc9b56d8,tools/,JAVA,5276
56abf402f,src/main,C/C++,16561
6a3caafec,src/test,C/C++,1422
f1e91e181,site/,JAVA,632
4b90c8414,tools/,JAVA,602
acc7d5273,src/main,JAVA,1991
e7e51978a,site/,C/C++,5286
e30d1d862,tools/,JAVA,611
62cf54de7,tools/,JAVA,2245
1f1511910,src/main,JAVA,1654
57e9ea81a,src/main,JAVA,11140
ed03a2cd0,site/,C/C++,1974
4f95d7b34,src/main,JAVA,590
5c4aaa1cb,tools/,JAVA,1550
dc5403839,site/,JAVA,3060
bbd1e954c,tools/,JAVA,592
3d7904e79,src/main,JAVA,2291
354ce37a2,third_party/,C/C++,6534
8a1e6e5fd,src/main,JAVA,1472
8bc1e9a78,src/main,JAVA,7006
2bdd03401,tools/,JAVA,1535
65e38d854,src/main,JAVA,6520
d6ea5eae3,src/main,JAVA,8181
0041cc323,tools/,JAVA,6107
7ac4dd56e,tools/,JAVA,2466
ec7500258,third_party/,Starlark,1492
44a62a16e,src/main,JAVA,37113
981413b56,site/,JAVA,2218
7cc33ac82,src/main,JAVA,694
d20ea7611,src/main,C/C++,3845
c56968635,site/,C/C++,2339
3edf13269,tools/,JAVA,593
b51d431bd,src/main,JAVA,584
792ed3aef,src/main,JAVA,3310
1f2a386b8,src/main,JAVA,782
20fc7e4f2,src/main,JAVA,15754
cab48a245,src/test,JAVA,1645
619d77d10,tools/,JAVA,602
699b1cce2,src/main,JAVA,6552
a258e8296,tools/,JAVA,4962
9c621e4cf,tools/,JAVA,7193
8ef70e78f,src/main,JAVA,1839
b9467f164,src/main,JAVA,6513
a56b807a2,src/test,JAVA,5535
6e11b21c7,site/,JAVA,680
45a94d5f9,tools/,JAVA,594
571a95a68,src/test,JAVA,17580
593358a58,tools/,JAVA,714
39a8e732c,bazelci/,Starlark,4065
9702ed9e7,src/main,JAVA,9849
3860b8f0b,tools/,JAVA,1671
29892df35,site/,JAVA,2296
90309e683,site/,JAVA,594
a26e0aba0,tools/,JAVA,585
1da1d2bf1,src/main,C/C++,16356
9e9369f94,tools/,JAVA,2537
6026b84c3,src/test,JAVA,11109
a5a1c6074,tools/,JAVA,606
fdaa768b2,tools/,JAVA,13163
06f5acd02,src/main,JAVA,6636
2b1c2cbe1,tools/,JAVA,1816
e75b42c9b,tools/,JAVA,2762
c7fc7c6df,tools/,JAVA,3907
a5cd854e0,src/main,JAVA,593
c7ecd7470,site/,JAVA,1475
01fc82524,src/main,JAVA,598
7e23b7fd7,site/,C/C++,6367
3d7563d1a,src/main,JAVA,605
cf7368a05,tools/,JAVA,1529
ab3bea89c,tools/,JAVA,587
b4871d59b,src/main,JAVA,3897
0c163e9a8,src/main,JAVA,1547
9dd4b27c8,site/,C/C++,1455
82ef752ba,site/,JAVA,678
2af68f664,tools/,JAVA,574
3aec4fbb2,site/,JAVA,19252
2fdbf2982,tools/,JAVA,787
b1c51de07,src/test,JAVA,27056
3b8a1136b,site/,JAVA,817
4a564ae5d,src/main,JAVA,588
d7424acbf,tools/,JAVA,14382
f25a097c8,src/main,JAVA,9242
868873662,src/test,JAVA,2076
694feb344,src/main,JAVA,602
f7dbe2a15,src/test,JAVA,1763
d1e88797a,tools/,JAVA,594
a35dc5b51,tools/,JAVA,17442
15a2a5098,tools/,JAVA,2068
108f75850,src/test,JAVA,15183
6c956623f,tools/,JAVA,700
f4c1a9726,tools/,JAVA,12456
05777b8fb,tools/,JAVA,1733
fd1e89ec7,src/main,JAVA,14439
6826e3db8,src/main,JAVA,15505
dc24ef71b,tools/,JAVA,2131
7ead25862,tools/,JAVA,2171
1a108569a,tools/,JAVA,1324
06199f8e3,src/test,JAVA,627
2890fe0c8,src/test,JAVA,602
846ce7138,tools/,JAVA,657
6dc54473b,src/test,JAVA,629
c7bde5ae3,src/test,JAVA,594
68a6dfd9f,tools/,JAVA,659
aecec87a2,tools/,JAVA,1427
efa8d1596,src/test,JAVA,2368
804818d93,site/,JAVA,600
c6bd290e3,tools/,JAVA,605
0f3ee32cf,src/main,JAVA,17167
bff601f14,tools/,JAVA,2173
a885d8ad9,tools/,JAVA,16783
693c69650,src/main,JAVA,2210
77b86642a,tools/,JAVA,1960
23d8369e4,src/main,JAVA,14638
d9c6f9eed,src/main,JAVA,6508
28253000e,src/main,JAVA,4109
17e4281fc,src/main,JAVA,8131
07f2a1929,src/main,JAVA,2884
86de95cbd,tools/,Starlark,8142
d4663acc7,src/main,JAVA,14281
e9d30039d,tools/,JAVA,1629
03a5061f9,src/main,Starlark,13095
eaf39eace,site/,C/C++,3543
8c0c8c2cd,src/main,JAVA,602
9ac75d0ed,tools/,JAVA,1366
a24f13701,tools/,JAVA,1402
7654481b3,tools/,JAVA,10169
052ececdd,src/main,JAVA,1536
c176838f2,src/test,JAVA,1990
5e74ad1ae,tools/,JAVA,597
9d823e427,src/test,JAVA,22702
55c93d11a,scripts/,JAVA,1209
0c32de082,src/main,JAVA,615
e0b2b2318,src/main,JAVA,1493
22c073e06,src/main,JAVA,2124
d4aa82b9f,src/main,JAVA,737
a64598d3c,src/main,JAVA,1853
1a3c76841,tools/,JAVA,4873
3353d2261,bazelci/,Starlark,1904
954d924a8,tools/,JAVA,8317
29ec0dea9,tools/,JAVA,9009
fc3f8f563,src/main,JAVA,2480
d2a779687,src/main,JAVA,14066
1dd973b3e,src/main,JAVA,2400
ca64edcbd,tools/,JAVA,2045
4bf4418e7,src/main,JAVA,2588
bd5938612,tools/,JAVA,1812
45012bfb9,src/test,JAVA,1321
4602f05b3,tools/,JAVA,574
d404a2a11,tools/,JAVA,4259
2822ba18b,site/,JAVA,1499
b56919b67,tools/,JAVA,671
9db4fb91b,src/main,JAVA,1588
eb4597ffb,site/,JAVA,2036
33dc60255,bazelci/,Starlark,585
dbbde0037,tools/,JAVA,8565
ebf658cba,src/main,JAVA,5906
3fd5419ab,site/,C/C++,1547
bf9f9d7d3,src/test,JAVA,861
2dfcf0aef,src/main,JAVA,4689
623892380,src/main,JAVA,11197
443af7dcf,site/,C/C++,2098
3a664f461,src/main,JAVA,585
e41d6672e,src/main,JAVA,2137
e1ba0c3b8,tools/,JAVA,1536
926955126,src/main,JAVA,10254
c6a4b874e,src/test,JAVA,11084
2e05dbd60,src/main,C/C++,626
6706a7c67,site/,C/C++,1270
222639c5e,site/,C/C++,876
96653d3cf,tools/,JAVA,571
